<PAMDataset>
  <Metadata domain="Esri">
    <MDI key="PyramidResamplingType">NEAREST</MDI>
  </Metadata>
  <PAMRasterBand band="1">
    <Description>Layer_1</Description>
    <Histograms>
      <HistItem>
        <HistMin>-0.5</HistMin>
        <HistMax>7.5</HistMax>
        <BucketCount>8</BucketCount>
        <IncludeOutOfRange>1</IncludeOutOfRange>
        <Approximate>0</Approximate>
        <HistCounts>0|133278|3713|1069|456301|197805|216302|2276</HistCounts>
      </HistItem>
    </Histograms>
    <GDALRasterAttributeTable>
      <FieldDefn index="0">
        <Name>OBJECTID</Name>
        <Type>0</Type>
        <Usage>0</Usage>
      </FieldDefn>
      <FieldDefn index="1">
        <Name>Value</Name>
        <Type>0</Type>
        <Usage>0</Usage>
      </FieldDefn>
      <FieldDefn index="2">
        <Name>Count</Name>
        <Type>1</Type>
        <Usage>0</Usage>
      </FieldDefn>
      <Row index="0">
        <F>1</F>
        <F>1</F>
        <F>133278</F>
      </Row>
      <Row index="1">
        <F>2</F>
        <F>2</F>
        <F>3713</F>
      </Row>
      <Row index="2">
        <F>3</F>
        <F>3</F>
        <F>1069</F>
      </Row>
      <Row index="3">
        <F>4</F>
        <F>4</F>
        <F>456301</F>
      </Row>
      <Row index="4">
        <F>5</F>
        <F>5</F>
        <F>197805</F>
      </Row>
      <Row index="5">
        <F>6</F>
        <F>6</F>
        <F>216302</F>
      </Row>
      <Row index="6">
        <F>7</F>
        <F>7</F>
        <F>2276</F>
      </Row>
    </GDALRasterAttributeTable>
    <Metadata>
      <MDI key="LAYER_TYPE">athematic</MDI>
      <MDI key="STATISTICS_MINIMUM">1</MDI>
      <MDI key="STATISTICS_MAXIMUM">7</MDI>
      <MDI key="STATISTICS_MEAN">4.2264747552298</MDI>
      <MDI key="STATISTICS_STDDEV">1.4910380075424</MDI>
      <MDI key="STATISTICS_SKIPFACTORX">1</MDI>
      <MDI key="STATISTICS_SKIPFACTORY">1</MDI>
      <MDI key="STATISTICS_EXCLUDEDVALUES"></MDI>
      <MDI key="STATISTICS_COVARIANCES">2.22319433993592</MDI>
    </Metadata>
  </PAMRasterBand>
</PAMDataset>
