CONTROL,TERRENOS,SUP_TOTAL,SUMA_TOTAL,sup_cal_ha,sup_tot_ch,diferencia,GRIDCODE,cambio_tip,sup_cambio
07116008-4007,28,969.5952,89957.849,965.34,90819.402,-4.255,5,Deforestada,100.879
07116008-4007,28,969.5952,89957.849,965.34,90819.402,-4.255,37,Conservado,22.244
07116008-4007,28,969.5952,89957.849,965.34,90819.402,-4.255,24,Deforestada,40.455
07116008-4007,28,969.5952,89957.849,965.34,90819.402,-4.255,36,Deforestada,459.185
07116008-4007,28,969.5952,89957.849,965.34,90819.402,-4.255,25,Degradada,240.835
07116008-4007,28,969.5952,89957.849,965.34,90819.402,-4.255,6,Degradada,101.743
07116008-4004,145,1636.9019,89957.849,1671.801,90819.402,34.899,30,Reforestado,0.04
07116008-4004,145,1636.9019,89957.849,1671.801,90819.402,34.899,5,Deforestada,154.515
07116008-4004,145,1636.9019,89957.849,1671.801,90819.402,34.899,37,Conservado,3.965
07116008-4004,145,1636.9019,89957.849,1671.801,90819.402,34.899,24,Deforestada,602.971
07116008-4004,145,1636.9019,89957.849,1671.801,90819.402,34.899,36,Deforestada,188.108
07116008-4004,145,1636.9019,89957.849,1671.801,90819.402,34.899,25,Degradada,701.277
07116008-4004,145,1636.9019,89957.849,1671.801,90819.402,34.899,6,Degradada,20.925
07116006-5004,3,470.4783,89957.849,468.567,90819.402,-1.911,30,Reforestado,9.84
07116006-5004,3,470.4783,89957.849,468.567,90819.402,-1.911,29,Conservado,60.399
07116006-5004,3,470.4783,89957.849,468.567,90819.402,-1.911,37,Conservado,21.205
07116006-5004,3,470.4783,89957.849,468.567,90819.402,-1.911,24,Deforestada,107.895
07116006-5004,3,470.4783,89957.849,468.567,90819.402,-1.911,36,Deforestada,27.181
07116006-5004,3,470.4783,89957.849,468.567,90819.402,-1.911,25,Degradada,242.047
07116009-9001,243,7110.8516,89957.849,7099.845,90819.402,-11.007,9,Sin cambio,3.588
07116009-9001,243,7110.8516,89957.849,7099.845,90819.402,-11.007,2,Actividad productiva,1.858
07116009-9001,243,7110.8516,89957.849,7099.845,90819.402,-11.007,30,Reforestado,28.94
07116009-9001,243,7110.8516,89957.849,7099.845,90819.402,-11.007,28,Reforestado,0.426
07116009-9001,243,7110.8516,89957.849,7099.845,90819.402,-11.007,29,Conservado,45.962
07116009-9001,243,7110.8516,89957.849,7099.845,90819.402,-11.007,5,Deforestada,23.363
07116009-9001,243,7110.8516,89957.849,7099.845,90819.402,-11.007,35,Transicion,34.45
07116009-9001,243,7110.8516,89957.849,7099.845,90819.402,-11.007,23,Sin cambio,1747.316
07116009-9001,243,7110.8516,89957.849,7099.845,90819.402,-11.007,37,Conservado,186.488
07116009-9001,243,7110.8516,89957.849,7099.845,90819.402,-11.007,4,Actividad productiva,562.64
07116009-9001,243,7110.8516,89957.849,7099.845,90819.402,-11.007,24,Deforestada,1587.208
07116009-9001,243,7110.8516,89957.849,7099.845,90819.402,-11.007,36,Deforestada,1045.053
07116009-9001,243,7110.8516,89957.849,7099.845,90819.402,-11.007,25,Degradada,1554.009
07116009-9001,243,7110.8516,89957.849,7099.845,90819.402,-11.007,6,Degradada,1.389
07116009-9001,243,7110.8516,89957.849,7099.845,90819.402,-11.007,17,Transicion,0.923
07116009-9001,243,7110.8516,89957.849,7099.845,90819.402,-11.007,16,Sin cambio,0.439
07116009-9001,243,7110.8516,89957.849,7099.845,90819.402,-11.007,19,Degradada,0.036
07116009-9001,243,7110.8516,89957.849,7099.845,90819.402,-11.007,39,Transicion,32.578
07116009-9001,243,7110.8516,89957.849,7099.845,90819.402,-11.007,26,Degradada,35.37
07116009-9001,243,7110.8516,89957.849,7099.845,90819.402,-11.007,42,Sin cambio,70.833
07116009-9001,243,7110.8516,89957.849,7099.845,90819.402,-11.007,15,Transicion,0.051
07116009-9001,243,7110.8516,89957.849,7099.845,90819.402,-11.007,40,Deforestada,0.2
07116009-9001,243,7110.8516,89957.849,7099.845,90819.402,-11.007,22,Actividad productiva,0.04
07116009-9001,243,7110.8516,89957.849,7099.845,90819.402,-11.007,1,Sin cambio,132.754
07116009-9001,243,7110.8516,89957.849,7099.845,90819.402,-11.007,14,Transicion,1.135
07116008-4008,119,2484.0084,89957.849,2472.773,90819.402,-11.235,13,Degradada,26.998
07116008-4008,119,2484.0084,89957.849,2472.773,90819.402,-11.235,30,Reforestado,5.522
07116008-4008,119,2484.0084,89957.849,2472.773,90819.402,-11.235,28,Reforestado,0.619
07116008-4008,119,2484.0084,89957.849,2472.773,90819.402,-11.235,29,Conservado,194.679
07116008-4008,119,2484.0084,89957.849,2472.773,90819.402,-11.235,5,Deforestada,250.394
07116008-4008,119,2484.0084,89957.849,2472.773,90819.402,-11.235,35,Transicion,11.989
07116008-4008,119,2484.0084,89957.849,2472.773,90819.402,-11.235,23,Sin cambio,14.242
07116008-4008,119,2484.0084,89957.849,2472.773,90819.402,-11.235,37,Conservado,134.369
07116008-4008,119,2484.0084,89957.849,2472.773,90819.402,-11.235,4,Actividad productiva,37.876
07116008-4008,119,2484.0084,89957.849,2472.773,90819.402,-11.235,24,Deforestada,80.822
07116008-4008,119,2484.0084,89957.849,2472.773,90819.402,-11.235,36,Deforestada,190.602
07116008-4008,119,2484.0084,89957.849,2472.773,90819.402,-11.235,25,Degradada,298.257
07116008-4008,119,2484.0084,89957.849,2472.773,90819.402,-11.235,6,Degradada,1226.11
07116008-4003,286,3910.0298,89957.849,3952.784,90819.402,42.754,30,Reforestado,12.511
07116008-4003,286,3910.0298,89957.849,3952.784,90819.402,42.754,29,Conservado,1183.54
07116008-4003,286,3910.0298,89957.849,3952.784,90819.402,42.754,5,Deforestada,716.476
07116008-4003,286,3910.0298,89957.849,3952.784,90819.402,42.754,35,Transicion,87.091
07116008-4003,286,3910.0298,89957.849,3952.784,90819.402,42.754,23,Sin cambio,600.409
07116008-4003,286,3910.0298,89957.849,3952.784,90819.402,42.754,37,Conservado,64.115
07116008-4003,286,3910.0298,89957.849,3952.784,90819.402,42.754,4,Actividad productiva,2.393
07116008-4003,286,3910.0298,89957.849,3952.784,90819.402,42.754,24,Deforestada,174.826
07116008-4003,286,3910.0298,89957.849,3952.784,90819.402,42.754,36,Deforestada,165.866
07116008-4003,286,3910.0298,89957.849,3952.784,90819.402,42.754,25,Degradada,472.499
07116008-4003,286,3910.0298,89957.849,3952.784,90819.402,42.754,6,Degradada,473.059
07116005-0004,174,2222.0386,89957.849,2252.24,90819.402,30.201,30,Reforestado,310.157
07116005-0004,174,2222.0386,89957.849,2252.24,90819.402,30.201,28,Reforestado,14.157
07116005-0004,174,2222.0386,89957.849,2252.24,90819.402,30.201,29,Conservado,1010.378
07116005-0004,174,2222.0386,89957.849,2252.24,90819.402,30.201,23,Sin cambio,454.201
07116005-0004,174,2222.0386,89957.849,2252.24,90819.402,30.201,24,Deforestada,460.213
07116005-0004,174,2222.0386,89957.849,2252.24,90819.402,30.201,25,Degradada,3.133
07116007-A008,28,339.5362,89957.849,338.222,90819.402,-1.314,29,Conservado,268.816
07116007-A008,28,339.5362,89957.849,338.222,90819.402,-1.314,23,Sin cambio,12.32
07116007-A008,28,339.5362,89957.849,338.222,90819.402,-1.314,24,Deforestada,57.016
07116007-A005,19,1611.7453,89957.849,1605.217,90819.402,-6.528,30,Reforestado,15.288
07116007-A005,19,1611.7453,89957.849,1605.217,90819.402,-6.528,28,Reforestado,23.603
07116007-A005,19,1611.7453,89957.849,1605.217,90819.402,-6.528,29,Conservado,356.702
07116007-A005,19,1611.7453,89957.849,1605.217,90819.402,-6.528,23,Sin cambio,248.044
07116007-A005,19,1611.7453,89957.849,1605.217,90819.402,-6.528,37,Conservado,91.956
07116007-A005,19,1611.7453,89957.849,1605.217,90819.402,-6.528,24,Deforestada,370.782
07116007-A005,19,1611.7453,89957.849,1605.217,90819.402,-6.528,36,Deforestada,231.936
07116007-A005,19,1611.7453,89957.849,1605.217,90819.402,-6.528,25,Degradada,266.461
07116005-0007,102,3416.0088,89957.849,3467.891,90819.402,51.882,30,Reforestado,121.668
07116005-0007,102,3416.0088,89957.849,3467.891,90819.402,51.882,29,Conservado,1338.314
07116005-0007,102,3416.0088,89957.849,3467.891,90819.402,51.882,37,Conservado,238.4
07116005-0007,102,3416.0088,89957.849,3467.891,90819.402,51.882,24,Deforestada,369.07
07116005-0007,102,3416.0088,89957.849,3467.891,90819.402,51.882,36,Deforestada,265.917
07116005-0007,102,3416.0088,89957.849,3467.891,90819.402,51.882,25,Degradada,1133.681
07116011-6013,72,234.825,89957.849,233.628,90819.402,-1.197,23,Sin cambio,187.174
07116011-6013,72,234.825,89957.849,233.628,90819.402,-1.197,37,Conservado,0.785
07116011-6013,72,234.825,89957.849,233.628,90819.402,-1.197,4,Actividad productiva,10.424
07116011-6013,72,234.825,89957.849,233.628,90819.402,-1.197,25,Degradada,34.792
07116009-9002,88,2446.0703,89957.849,2464.882,90819.402,18.812,30,Reforestado,6.215
07116009-9002,88,2446.0703,89957.849,2464.882,90819.402,18.812,28,Reforestado,10.317
07116009-9002,88,2446.0703,89957.849,2464.882,90819.402,18.812,29,Conservado,1500.474
07116009-9002,88,2446.0703,89957.849,2464.882,90819.402,18.812,23,Sin cambio,831.589
07116009-9002,88,2446.0703,89957.849,2464.882,90819.402,18.812,24,Deforestada,78.019
07116009-9002,88,2446.0703,89957.849,2464.882,90819.402,18.812,25,Degradada,7.319
07116009-9002,88,2446.0703,89957.849,2464.882,90819.402,18.812,11,Urbanizacion,11.95
07116009-9002,88,2446.0703,89957.849,2464.882,90819.402,18.812,17,Transicion,0.199
07116009-9002,88,2446.0703,89957.849,2464.882,90819.402,18.812,16,Sin cambio,1.275
07116009-9002,88,2446.0703,89957.849,2464.882,90819.402,18.812,22,Actividad productiva,16.39
07116006-5009,4,667.6872,89957.849,665.065,90819.402,-2.622,30,Reforestado,22.856
07116006-5009,4,667.6872,89957.849,665.065,90819.402,-2.622,28,Reforestado,14.421
07116006-5009,4,667.6872,89957.849,665.065,90819.402,-2.622,29,Conservado,348.35
07116006-5009,4,667.6872,89957.849,665.065,90819.402,-2.622,35,Transicion,0.397
07116006-5009,4,667.6872,89957.849,665.065,90819.402,-2.622,23,Sin cambio,92.083
07116006-5009,4,667.6872,89957.849,665.065,90819.402,-2.622,37,Conservado,0.059
07116006-5009,4,667.6872,89957.849,665.065,90819.402,-2.622,24,Deforestada,24.95
07116006-5009,4,667.6872,89957.849,665.065,90819.402,-2.622,36,Deforestada,17.295
07116006-5009,4,667.6872,89957.849,665.065,90819.402,-2.622,25,Degradada,144.653
07116007-A006,15,1836.321,89957.849,1828.515,90819.402,-7.806,29,Conservado,17.2
07116007-A006,15,1836.321,89957.849,1828.515,90819.402,-7.806,37,Conservado,252.957
07116007-A006,15,1836.321,89957.849,1828.515,90819.402,-7.806,24,Deforestada,325.185
07116007-A006,15,1836.321,89957.849,1828.515,90819.402,-7.806,36,Deforestada,1025.952
07116007-A006,15,1836.321,89957.849,1828.515,90819.402,-7.806,25,Degradada,206.967
07116004-6001,315,9070.8535,89957.849,9181.819,90819.402,110.966,41,Transicion,6.796
07116004-6001,315,9070.8535,89957.849,9181.819,90819.402,110.966,34,Transicion,5.544
07116004-6001,315,9070.8535,89957.849,9181.819,90819.402,110.966,10,Urbanizacion,0.234
07116004-6001,315,9070.8535,89957.849,9181.819,90819.402,110.966,30,Reforestado,4.288
07116004-6001,315,9070.8535,89957.849,9181.819,90819.402,110.966,28,Reforestado,79.307
07116004-6001,315,9070.8535,89957.849,9181.819,90819.402,110.966,29,Conservado,1054.688
07116004-6001,315,9070.8535,89957.849,9181.819,90819.402,110.966,5,Deforestada,169.264
07116004-6001,315,9070.8535,89957.849,9181.819,90819.402,110.966,35,Transicion,100.332
07116004-6001,315,9070.8535,89957.849,9181.819,90819.402,110.966,23,Sin cambio,2795.428
07116004-6001,315,9070.8535,89957.849,9181.819,90819.402,110.966,37,Conservado,394.241
07116004-6001,315,9070.8535,89957.849,9181.819,90819.402,110.966,4,Actividad productiva,363.278
07116004-6001,315,9070.8535,89957.849,9181.819,90819.402,110.966,24,Deforestada,2051.66
07116004-6001,315,9070.8535,89957.849,9181.819,90819.402,110.966,36,Deforestada,648.415
07116004-6001,315,9070.8535,89957.849,9181.819,90819.402,110.966,25,Degradada,1219.853
07116004-6001,315,9070.8535,89957.849,9181.819,90819.402,110.966,6,Degradada,89.57
07116004-6001,315,9070.8535,89957.849,9181.819,90819.402,110.966,11,Urbanizacion,70.568
07116004-6001,315,9070.8535,89957.849,9181.819,90819.402,110.966,17,Transicion,4.586
07116004-6001,315,9070.8535,89957.849,9181.819,90819.402,110.966,16,Sin cambio,23.475
07116004-6001,315,9070.8535,89957.849,9181.819,90819.402,110.966,3,Actividad productiva,9.751
07116004-6001,315,9070.8535,89957.849,9181.819,90819.402,110.966,19,Degradada,4.268
07116004-6001,315,9070.8535,89957.849,9181.819,90819.402,110.966,18,Deforestada,1.885
07116004-6001,315,9070.8535,89957.849,9181.819,90819.402,110.966,42,Sin cambio,3.448
07116004-6001,315,9070.8535,89957.849,9181.819,90819.402,110.966,40,Deforestada,35.049
07116004-6001,315,9070.8535,89957.849,9181.819,90819.402,110.966,22,Actividad productiva,39.128
07116010-1007,100,1241.9933,89957.849,1282.354,90819.402,40.361,30,Reforestado,89.003
07116010-1007,100,1241.9933,89957.849,1282.354,90819.402,40.361,29,Conservado,221.998
07116010-1007,100,1241.9933,89957.849,1282.354,90819.402,40.361,5,Deforestada,67.092
07116010-1007,100,1241.9933,89957.849,1282.354,90819.402,40.361,24,Deforestada,1.802
07116010-1007,100,1241.9933,89957.849,1282.354,90819.402,40.361,25,Degradada,2.348
07116010-1007,100,1241.9933,89957.849,1282.354,90819.402,40.361,6,Degradada,899.934
07116012-0001,14,1027.5454,89957.849,1022.99,90819.402,-4.555,5,Deforestada,8.655
07116012-0001,14,1027.5454,89957.849,1022.99,90819.402,-4.555,37,Conservado,152.776
07116012-0001,14,1027.5454,89957.849,1022.99,90819.402,-4.555,24,Deforestada,61.376
07116012-0001,14,1027.5454,89957.849,1022.99,90819.402,-4.555,36,Deforestada,544.932
07116012-0001,14,1027.5454,89957.849,1022.99,90819.402,-4.555,25,Degradada,154.182
07116012-0001,14,1027.5454,89957.849,1022.99,90819.402,-4.555,6,Degradada,101.068
07116011-6011,63,111.5856,89957.849,111.05,90819.402,-0.536,30,Reforestado,5.26
07116011-6011,63,111.5856,89957.849,111.05,90819.402,-0.536,29,Conservado,102.764
07116011-6011,63,111.5856,89957.849,111.05,90819.402,-0.536,37,Conservado,2.918
07116011-6012,230,4726.4592,89957.849,4819.518,90819.402,93.059,30,Reforestado,10.878
07116011-6012,230,4726.4592,89957.849,4819.518,90819.402,93.059,28,Reforestado,62.214
07116011-6012,230,4726.4592,89957.849,4819.518,90819.402,93.059,29,Conservado,237.645
07116011-6012,230,4726.4592,89957.849,4819.518,90819.402,93.059,5,Deforestada,0.344
07116011-6012,230,4726.4592,89957.849,4819.518,90819.402,93.059,35,Transicion,791.965
07116011-6012,230,4726.4592,89957.849,4819.518,90819.402,93.059,23,Sin cambio,1510.903
07116011-6012,230,4726.4592,89957.849,4819.518,90819.402,93.059,37,Conservado,1082.541
07116011-6012,230,4726.4592,89957.849,4819.518,90819.402,93.059,4,Actividad productiva,10.228
07116011-6012,230,4726.4592,89957.849,4819.518,90819.402,93.059,24,Deforestada,87.419
07116011-6012,230,4726.4592,89957.849,4819.518,90819.402,93.059,36,Deforestada,0.837
07116011-6012,230,4726.4592,89957.849,4819.518,90819.402,93.059,25,Degradada,672.785
07116011-6012,230,4726.4592,89957.849,4819.518,90819.402,93.059,6,Degradada,44.383
07116011-6012,230,4726.4592,89957.849,4819.518,90819.402,93.059,11,Urbanizacion,34.881
07116011-6012,230,4726.4592,89957.849,4819.518,90819.402,93.059,17,Transicion,3.333
07116011-6012,230,4726.4592,89957.849,4819.518,90819.402,93.059,16,Sin cambio,0.071
07116011-6012,230,4726.4592,89957.849,4819.518,90819.402,93.059,19,Degradada,0.415
07116011-6012,230,4726.4592,89957.849,4819.518,90819.402,93.059,21,Actividad productiva,48.464
07116011-6012,230,4726.4592,89957.849,4819.518,90819.402,93.059,33,Transicion,24.287
07116011-6012,230,4726.4592,89957.849,4819.518,90819.402,93.059,1,Sin cambio,171.532
07116011-6012,230,4726.4592,89957.849,4819.518,90819.402,93.059,14,Transicion,0.672
07116007-A002,8,300.856,89957.849,299.667,90819.402,-1.189,28,Reforestado,2.737
07116007-A002,8,300.856,89957.849,299.667,90819.402,-1.189,29,Conservado,56.142
07116007-A002,8,300.856,89957.849,299.667,90819.402,-1.189,23,Sin cambio,238.602
07116007-A002,8,300.856,89957.849,299.667,90819.402,-1.189,24,Deforestada,2.186
07116011-6006,66,116.292,89957.849,115.742,90819.402,-0.55,30,Reforestado,6.359
07116011-6006,66,116.292,89957.849,115.742,90819.402,-0.55,29,Conservado,85.382
07116011-6006,66,116.292,89957.849,115.742,90819.402,-0.55,5,Deforestada,23.804
07116011-6006,66,116.292,89957.849,115.742,90819.402,-0.55,6,Degradada,0.079
07116006-5007,2,544.2262,89957.849,542.018,90819.402,-2.208,35,Transicion,2.027
07116006-5007,2,544.2262,89957.849,542.018,90819.402,-2.208,23,Sin cambio,5.48
07116006-5007,2,544.2262,89957.849,542.018,90819.402,-2.208,37,Conservado,95.041
07116006-5007,2,544.2262,89957.849,542.018,90819.402,-2.208,24,Deforestada,46.392
07116006-5007,2,544.2262,89957.849,542.018,90819.402,-2.208,36,Deforestada,27.528
07116006-5007,2,544.2262,89957.849,542.018,90819.402,-2.208,25,Degradada,365.55
07116007-A012,51,1217.1624,89957.849,1267.019,90819.402,49.857,28,Reforestado,0.933
07116007-A012,51,1217.1624,89957.849,1267.019,90819.402,49.857,29,Conservado,126.214
07116007-A012,51,1217.1624,89957.849,1267.019,90819.402,49.857,35,Transicion,12.166
07116007-A012,51,1217.1624,89957.849,1267.019,90819.402,49.857,23,Sin cambio,1070.369
07116007-A012,51,1217.1624,89957.849,1267.019,90819.402,49.857,24,Deforestada,38.244
07116007-A012,51,1217.1624,89957.849,1267.019,90819.402,49.857,36,Deforestada,18.619
07116006-5006,183,3802.8789,89957.849,3845.967,90819.402,43.088,30,Reforestado,3.377
07116006-5006,183,3802.8789,89957.849,3845.967,90819.402,43.088,28,Reforestado,21.113
07116006-5006,183,3802.8789,89957.849,3845.967,90819.402,43.088,29,Conservado,531.587
07116006-5006,183,3802.8789,89957.849,3845.967,90819.402,43.088,5,Deforestada,469.404
07116006-5006,183,3802.8789,89957.849,3845.967,90819.402,43.088,35,Transicion,32.721
07116006-5006,183,3802.8789,89957.849,3845.967,90819.402,43.088,23,Sin cambio,1003.297
07116006-5006,183,3802.8789,89957.849,3845.967,90819.402,43.088,37,Conservado,61.313
07116006-5006,183,3802.8789,89957.849,3845.967,90819.402,43.088,4,Actividad productiva,803.877
07116006-5006,183,3802.8789,89957.849,3845.967,90819.402,43.088,24,Deforestada,166.808
07116006-5006,183,3802.8789,89957.849,3845.967,90819.402,43.088,36,Deforestada,663.037
07116006-5006,183,3802.8789,89957.849,3845.967,90819.402,43.088,25,Degradada,45.713
07116006-5006,183,3802.8789,89957.849,3845.967,90819.402,43.088,6,Degradada,11.128
07116006-5006,183,3802.8789,89957.849,3845.967,90819.402,43.088,11,Urbanizacion,32.589
07116008-4010,26,160.8464,89957.849,160.101,90819.402,-0.745,6,Degradada,160.084
07116011-6001,205,2643.7354,89957.849,2666.1,90819.402,22.365,30,Reforestado,28.764
07116011-6001,205,2643.7354,89957.849,2666.1,90819.402,22.365,28,Reforestado,43.757
07116011-6001,205,2643.7354,89957.849,2666.1,90819.402,22.365,29,Conservado,894.216
07116011-6001,205,2643.7354,89957.849,2666.1,90819.402,22.365,5,Deforestada,15.43
07116011-6001,205,2643.7354,89957.849,2666.1,90819.402,22.365,35,Transicion,29.471
07116011-6001,205,2643.7354,89957.849,2666.1,90819.402,22.365,23,Sin cambio,369.912
07116011-6001,205,2643.7354,89957.849,2666.1,90819.402,22.365,37,Conservado,269.522
07116011-6001,205,2643.7354,89957.849,2666.1,90819.402,22.365,4,Actividad productiva,118.897
07116011-6001,205,2643.7354,89957.849,2666.1,90819.402,22.365,24,Deforestada,357.274
07116011-6001,205,2643.7354,89957.849,2666.1,90819.402,22.365,36,Deforestada,302.992
07116011-6001,205,2643.7354,89957.849,2666.1,90819.402,22.365,25,Degradada,49.374
07116011-6001,205,2643.7354,89957.849,2666.1,90819.402,22.365,6,Degradada,174.409
07116011-6001,205,2643.7354,89957.849,2666.1,90819.402,22.365,20,Degradada,0.144
07116011-6001,205,2643.7354,89957.849,2666.1,90819.402,22.365,16,Sin cambio,0.701
07116011-6001,205,2643.7354,89957.849,2666.1,90819.402,22.365,3,Actividad productiva,6.688
07116011-6001,205,2643.7354,89957.849,2666.1,90819.402,22.365,19,Degradada,0.077
07116011-6001,205,2643.7354,89957.849,2666.1,90819.402,22.365,18,Deforestada,0.12
07116011-6001,205,2643.7354,89957.849,2666.1,90819.402,22.365,7,Degradada,2.307
07116011-6001,205,2643.7354,89957.849,2666.1,90819.402,22.365,31,Reforestado,0.36
07116011-6001,205,2643.7354,89957.849,2666.1,90819.402,22.365,27,Reforestado,0.297
07116010-1006,106,4316.111,89957.849,4362.671,90819.402,46.56,30,Reforestado,55.845
07116010-1006,106,4316.111,89957.849,4362.671,90819.402,46.56,28,Reforestado,166.813
07116010-1006,106,4316.111,89957.849,4362.671,90819.402,46.56,29,Conservado,1538.169
07116010-1006,106,4316.111,89957.849,4362.671,90819.402,46.56,5,Deforestada,91.892
07116010-1006,106,4316.111,89957.849,4362.671,90819.402,46.56,35,Transicion,51.471
07116010-1006,106,4316.111,89957.849,4362.671,90819.402,46.56,23,Sin cambio,963.449
07116010-1006,106,4316.111,89957.849,4362.671,90819.402,46.56,37,Conservado,329.022
07116010-1006,106,4316.111,89957.849,4362.671,90819.402,46.56,4,Actividad productiva,17.378
07116010-1006,106,4316.111,89957.849,4362.671,90819.402,46.56,24,Deforestada,395.815
07116010-1006,106,4316.111,89957.849,4362.671,90819.402,46.56,36,Deforestada,37.785
07116010-1006,106,4316.111,89957.849,4362.671,90819.402,46.56,25,Degradada,561.304
07116010-1006,106,4316.111,89957.849,4362.671,90819.402,46.56,6,Degradada,151.194
07116010-1006,106,4316.111,89957.849,4362.671,90819.402,46.56,17,Transicion,0.057
07116010-1006,106,4316.111,89957.849,4362.671,90819.402,46.56,22,Actividad productiva,1.588
07116007-A004,1,84.1712,89957.849,83.822,90819.402,-0.349,24,Deforestada,8.174
07116007-A004,1,84.1712,89957.849,83.822,90819.402,-0.349,36,Deforestada,75.648
07116012-0002,40,818.2993,89957.849,814.68,90819.402,-3.619,29,Conservado,0.105
07116012-0002,40,818.2993,89957.849,814.68,90819.402,-3.619,5,Deforestada,71.031
07116012-0002,40,818.2993,89957.849,814.68,90819.402,-3.619,37,Conservado,23.036
07116012-0002,40,818.2993,89957.849,814.68,90819.402,-3.619,24,Deforestada,9.015
07116012-0002,40,818.2993,89957.849,814.68,90819.402,-3.619,36,Deforestada,689.113
07116012-0002,40,818.2993,89957.849,814.68,90819.402,-3.619,25,Degradada,19.743
07116012-0002,40,818.2993,89957.849,814.68,90819.402,-3.619,6,Degradada,2.602
07116007-A001,17,384.5981,89957.849,383.074,90819.402,-1.524,28,Reforestado,0.291
07116007-A001,17,384.5981,89957.849,383.074,90819.402,-1.524,29,Conservado,155.732
07116007-A001,17,384.5981,89957.849,383.074,90819.402,-1.524,35,Transicion,0.08
07116007-A001,17,384.5981,89957.849,383.074,90819.402,-1.524,23,Sin cambio,39.472
07116007-A001,17,384.5981,89957.849,383.074,90819.402,-1.524,24,Deforestada,129.317
07116007-A001,17,384.5981,89957.849,383.074,90819.402,-1.524,36,Deforestada,58.182
07116005-0003,230,6643.5596,89957.849,6686.051,90819.402,42.491,9,Sin cambio,0.317
07116005-0003,230,6643.5596,89957.849,6686.051,90819.402,42.491,2,Actividad productiva,0.12
07116005-0003,230,6643.5596,89957.849,6686.051,90819.402,42.491,38,Transicion,0.538
07116005-0003,230,6643.5596,89957.849,6686.051,90819.402,42.491,30,Reforestado,44.912
07116005-0003,230,6643.5596,89957.849,6686.051,90819.402,42.491,28,Reforestado,27.5
07116005-0003,230,6643.5596,89957.849,6686.051,90819.402,42.491,29,Conservado,1041.71
07116005-0003,230,6643.5596,89957.849,6686.051,90819.402,42.491,5,Deforestada,194.41
07116005-0003,230,6643.5596,89957.849,6686.051,90819.402,42.491,35,Transicion,86.435
07116005-0003,230,6643.5596,89957.849,6686.051,90819.402,42.491,23,Sin cambio,1705.366
07116005-0003,230,6643.5596,89957.849,6686.051,90819.402,42.491,37,Conservado,194.393
07116005-0003,230,6643.5596,89957.849,6686.051,90819.402,42.491,4,Actividad productiva,536.347
07116005-0003,230,6643.5596,89957.849,6686.051,90819.402,42.491,24,Deforestada,1363.771
07116005-0003,230,6643.5596,89957.849,6686.051,90819.402,42.491,36,Deforestada,1105.712
07116005-0003,230,6643.5596,89957.849,6686.051,90819.402,42.491,25,Degradada,140.984
07116005-0003,230,6643.5596,89957.849,6686.051,90819.402,42.491,8,Urbanizacion,0.048
07116005-0003,230,6643.5596,89957.849,6686.051,90819.402,42.491,17,Transicion,3.545
07116005-0003,230,6643.5596,89957.849,6686.051,90819.402,42.491,20,Degradada,1.922
07116005-0003,230,6643.5596,89957.849,6686.051,90819.402,42.491,16,Sin cambio,34.6
07116005-0003,230,6643.5596,89957.849,6686.051,90819.402,42.491,18,Deforestada,0.16
07116005-0003,230,6643.5596,89957.849,6686.051,90819.402,42.491,26,Degradada,106.469
07116005-0003,230,6643.5596,89957.849,6686.051,90819.402,42.491,42,Sin cambio,46.404
07116005-0003,230,6643.5596,89957.849,6686.051,90819.402,42.491,40,Deforestada,7.998
07116005-0003,230,6643.5596,89957.849,6686.051,90819.402,42.491,22,Actividad productiva,7.125
07116005-0003,230,6643.5596,89957.849,6686.051,90819.402,42.491,1,Sin cambio,34.663
07116007-A003,163,2981.8731,89957.849,2969.588,90819.402,-12.285,30,Reforestado,23.641
07116007-A003,163,2981.8731,89957.849,2969.588,90819.402,-12.285,29,Conservado,96.416
07116007-A003,163,2981.8731,89957.849,2969.588,90819.402,-12.285,35,Transicion,1.757
07116007-A003,163,2981.8731,89957.849,2969.588,90819.402,-12.285,23,Sin cambio,308.124
07116007-A003,163,2981.8731,89957.849,2969.588,90819.402,-12.285,37,Conservado,258.051
07116007-A003,163,2981.8731,89957.849,2969.588,90819.402,-12.285,24,Deforestada,208.442
07116007-A003,163,2981.8731,89957.849,2969.588,90819.402,-12.285,36,Deforestada,972.174
07116007-A003,163,2981.8731,89957.849,2969.588,90819.402,-12.285,25,Degradada,1100.983
07116010-1014,31,631.7403,89957.849,644.454,90819.402,12.714,30,Reforestado,31.435
07116010-1014,31,631.7403,89957.849,644.454,90819.402,12.714,29,Conservado,185.407
07116010-1014,31,631.7403,89957.849,644.454,90819.402,12.714,24,Deforestada,196.097
07116010-1014,31,631.7403,89957.849,644.454,90819.402,12.714,25,Degradada,231.515
07116010-1012,70,326.83,89957.849,325.3,90819.402,-1.53,30,Reforestado,23.315
07116010-1012,70,326.83,89957.849,325.3,90819.402,-1.53,29,Conservado,176.998
07116010-1012,70,326.83,89957.849,325.3,90819.402,-1.53,5,Deforestada,15.553
07116010-1012,70,326.83,89957.849,325.3,90819.402,-1.53,6,Degradada,109.433
07116012-0005,33,1304.396,89957.849,1298.248,90819.402,-6.148,13,Degradada,16.6
07116012-0005,33,1304.396,89957.849,1298.248,90819.402,-6.148,30,Reforestado,21.803
07116012-0005,33,1304.396,89957.849,1298.248,90819.402,-6.148,29,Conservado,321.031
07116012-0005,33,1304.396,89957.849,1298.248,90819.402,-6.148,37,Conservado,294.475
07116012-0005,33,1304.396,89957.849,1298.248,90819.402,-6.148,36,Deforestada,20.18
07116012-0005,33,1304.396,89957.849,1298.248,90819.402,-6.148,25,Degradada,28.27
07116012-0005,33,1304.396,89957.849,1298.248,90819.402,-6.148,6,Degradada,593.51
07116011-6007,185,1710.7889,89957.849,1740.25,90819.402,29.461,35,Transicion,80.948
07116011-6007,185,1710.7889,89957.849,1740.25,90819.402,29.461,23,Sin cambio,917.547
07116011-6007,185,1710.7889,89957.849,1740.25,90819.402,29.461,37,Conservado,5.732
07116011-6007,185,1710.7889,89957.849,1740.25,90819.402,29.461,4,Actividad productiva,95.353
07116011-6007,185,1710.7889,89957.849,1740.25,90819.402,29.461,24,Deforestada,224.314
07116011-6007,185,1710.7889,89957.849,1740.25,90819.402,29.461,36,Deforestada,405.056
07116011-6007,185,1710.7889,89957.849,1740.25,90819.402,29.461,25,Degradada,4.559
07116011-6007,185,1710.7889,89957.849,1740.25,90819.402,29.461,17,Transicion,5.737
07116011-6009,90,4719.2142,89957.849,4970.563,90819.402,251.349,30,Reforestado,33.313
07116011-6009,90,4719.2142,89957.849,4970.563,90819.402,251.349,29,Conservado,289.301
07116011-6009,90,4719.2142,89957.849,4970.563,90819.402,251.349,5,Deforestada,6.246
07116011-6009,90,4719.2142,89957.849,4970.563,90819.402,251.349,35,Transicion,144.45
07116011-6009,90,4719.2142,89957.849,4970.563,90819.402,251.349,23,Sin cambio,659.491
07116011-6009,90,4719.2142,89957.849,4970.563,90819.402,251.349,37,Conservado,2593.693
07116011-6009,90,4719.2142,89957.849,4970.563,90819.402,251.349,24,Deforestada,85.103
07116011-6009,90,4719.2142,89957.849,4970.563,90819.402,251.349,36,Deforestada,5.316
07116011-6009,90,4719.2142,89957.849,4970.563,90819.402,251.349,25,Degradada,1149.12
07116011-6009,90,4719.2142,89957.849,4970.563,90819.402,251.349,6,Degradada,2.943
07116012-0004,256,5285.6287,89957.849,5264.381,90819.402,-21.248,13,Degradada,10.954
07116012-0004,256,5285.6287,89957.849,5264.381,90819.402,-21.248,12,Deforestada,0.065
07116012-0004,256,5285.6287,89957.849,5264.381,90819.402,-21.248,30,Reforestado,30.402
07116012-0004,256,5285.6287,89957.849,5264.381,90819.402,-21.248,28,Reforestado,0.644
07116012-0004,256,5285.6287,89957.849,5264.381,90819.402,-21.248,29,Conservado,1436.352
07116012-0004,256,5285.6287,89957.849,5264.381,90819.402,-21.248,5,Deforestada,848.384
07116012-0004,256,5285.6287,89957.849,5264.381,90819.402,-21.248,35,Transicion,7.184
07116012-0004,256,5285.6287,89957.849,5264.381,90819.402,-21.248,23,Sin cambio,90.549
07116012-0004,256,5285.6287,89957.849,5264.381,90819.402,-21.248,37,Conservado,118.687
07116012-0004,256,5285.6287,89957.849,5264.381,90819.402,-21.248,4,Actividad productiva,4.614
07116012-0004,256,5285.6287,89957.849,5264.381,90819.402,-21.248,24,Deforestada,768.899
07116012-0004,256,5285.6287,89957.849,5264.381,90819.402,-21.248,36,Deforestada,474.197
07116012-0004,256,5285.6287,89957.849,5264.381,90819.402,-21.248,25,Degradada,795.523
07116012-0004,256,5285.6287,89957.849,5264.381,90819.402,-21.248,6,Degradada,618.563
07116011-6010,72,185.1192,89957.849,184.234,90819.402,-0.885,29,Conservado,184.234
07116008-4001,4,591.022,89957.849,588.527,90819.402,-2.495,5,Deforestada,42.56
07116008-4001,4,591.022,89957.849,588.527,90819.402,-2.495,36,Deforestada,545.966
07116007-A007,1,427.1475,89957.849,425.291,90819.402,-1.856,37,Conservado,75.177
07116007-A007,1,427.1475,89957.849,425.291,90819.402,-1.856,36,Deforestada,349.022
07116011-6005,67,275.9998,89957.849,274.698,90819.402,-1.302,30,Reforestado,0.25
07116011-6005,67,275.9998,89957.849,274.698,90819.402,-1.302,29,Conservado,224.087
07116011-6005,67,275.9998,89957.849,274.698,90819.402,-1.302,5,Deforestada,41.211
07116011-6005,67,275.9998,89957.849,274.698,90819.402,-1.302,6,Degradada,9.15
07116011-6008,35,1769.5916,89957.849,1780.453,90819.402,10.861,30,Reforestado,34.155
07116011-6008,35,1769.5916,89957.849,1780.453,90819.402,10.861,28,Reforestado,144.233
07116011-6008,35,1769.5916,89957.849,1780.453,90819.402,10.861,29,Conservado,608.972
07116011-6008,35,1769.5916,89957.849,1780.453,90819.402,10.861,5,Deforestada,167.92
07116011-6008,35,1769.5916,89957.849,1780.453,90819.402,10.861,35,Transicion,52.444
07116011-6008,35,1769.5916,89957.849,1780.453,90819.402,10.861,23,Sin cambio,342.622
07116011-6008,35,1769.5916,89957.849,1780.453,90819.402,10.861,37,Conservado,10.884
07116011-6008,35,1769.5916,89957.849,1780.453,90819.402,10.861,4,Actividad productiva,30.236
07116011-6008,35,1769.5916,89957.849,1780.453,90819.402,10.861,24,Deforestada,260.522
07116011-6008,35,1769.5916,89957.849,1780.453,90819.402,10.861,36,Deforestada,106.788
07116011-6008,35,1769.5916,89957.849,1780.453,90819.402,10.861,25,Degradada,19.904
07116011-6008,35,1769.5916,89957.849,1780.453,90819.402,10.861,6,Degradada,1.772
07116008-4009,482,3181.2264,89957.849,3222.002,90819.402,40.776,30,Reforestado,34.313
07116008-4009,482,3181.2264,89957.849,3222.002,90819.402,40.776,28,Reforestado,1.457
07116008-4009,482,3181.2264,89957.849,3222.002,90819.402,40.776,29,Conservado,267.388
07116008-4009,482,3181.2264,89957.849,3222.002,90819.402,40.776,5,Deforestada,38.261
07116008-4009,482,3181.2264,89957.849,3222.002,90819.402,40.776,35,Transicion,30.737
07116008-4009,482,3181.2264,89957.849,3222.002,90819.402,40.776,23,Sin cambio,1274.015
07116008-4009,482,3181.2264,89957.849,3222.002,90819.402,40.776,37,Conservado,221.834
07116008-4009,482,3181.2264,89957.849,3222.002,90819.402,40.776,4,Actividad productiva,13.536
07116008-4009,482,3181.2264,89957.849,3222.002,90819.402,40.776,24,Deforestada,563.165
07116008-4009,482,3181.2264,89957.849,3222.002,90819.402,40.776,25,Degradada,105.246
07116008-4009,482,3181.2264,89957.849,3222.002,90819.402,40.776,6,Degradada,651.27
07116008-4009,482,3181.2264,89957.849,3222.002,90819.402,40.776,11,Urbanizacion,20.78
